"","abort_rank3","abortion_rank12","adv_or_more","ba_or_more","cig_tax12","cig_tax12_3","conserv_advantage","conserv_public","dem_advantage","govt_worker","gun_rank3","gun_rank11","gun_scale11","hr_cons_rank11","hr_conserv11","hr_lib_rank11","hr_liberal11","hs_or_more","obama2012","obama_win12","pop2000","pop2010","pop2010_hun_thou","popchng0010","popchngpct","pot_policy","prochoice","prolife","relig_cath","relig_prot","relig_high","relig_low","religiosity3","romney2012","smokers12","stateid","to_0812","uninsured_pct","abort_rate05","abort_rate08","abortlaw3","abortlaw10","alcohol","attend_pct","battle04","blkleg","blkpct04","blkpct08","blkpct10","bush00","bush04","carfatal","carfatal07","cig_tax","cig_tax_3","cigarettes","college","conpct_m","cons_hr06","cons_hr09","cook_index","cook_index3","defexpen","demhr11","dem_hr09","demnat06","dempct_m","demstate06","demstate09","demstate13","density","division","earmarks_pcap","evm","evo","evo2012","evr2012","gay_policy","gay_policy2","gay_policy_con","gay_support","gay_support3","gb_win00","gb_win04","gore00","gun_check","gun_dealer","gun_murder10","gun_rank_rev","gunlaw_rank","gunlaw_rank3_rev","gunlaw_scale","hispanic04","hispanic08","hispanic10","indpct_m","kerry04","libpct_m","mccain08","modpct_m","nader00","obama08","obama_win08","over64","permit","pop_18_24","pop_18_24_10","prcapinc","region","relig_import","religiosity","reppct_m","rtw","secularism","secularism3","seniority_sen2","south","state","to_0004","to_0408","trnout00","trnout04","unemploy","union04","union07","union10","urban","vep00_turnout","vep04_turnout","vep08_turnout","vep12_turnout","womleg_2007","womleg_2010","womleg_2011","womleg_2015"
"1","Less restr",35,9,26.6,2,"HiTax",21.3,43.0999984741211,-12.2,28,"Less restr",50,0,200,55.6666666666667,228,44.3333333333333,91.4,40.81,"No",626932,710231,7.10231,83299,13.3,"Medicinal",58,37,14.6,50,31.3,39.5,"Low",54.8,24,"AK    ",-9.39999961853027,21.8,13.6,12,"0-5 restr",5,3.02,22,"No",2,3.6,4.3,4.7,58.6209553158706,61.07,17.4,15.2,2,"$1.41-$2.58",6.22,26.7,36.3247863247863,72,75,-13.4,"More Rep",3556,0,0,0,26.1410788381743,43.3333333333333,46.6666666666667,36.6666666666667,1.2,"Pacific",425.5,3,0,0,3,"Conservative","Conservative","No",56,"Med","Bush win","Bush win",27.6663398235047,12016.0905395568,139.250469213538,2.7,6,43,"Fewer restr",4,4.9,6.1,5.5,43.5684647302905,35.52,17.9487179487179,59.42,45.7264957264957,10.066886118504,37.89,"McCain win",6.4,NA,11.144578313253,10.5633802816901,34454,"West",NA,-177,30.2904564315353,"No",177,"Secular","Yes","Nonsouth","Alaska                                    ",-12.39,-0.800000011920929,67.19,54.8,7.5,20.1,23.8,22.3,65.6,68.1,69.1,68.3,58.9,21.7,21.7,23.3,28.3
"2","Mid",20,7.7,22,0.425,"LoTax",36,44.7000007629395,-14.6,17.5,"Mid",17,14,151.714285714286,65.6190476190476,277.571428571429,34.3809523809524,82.1,38.36,"No",4447100,4779736,47.79736,332636,7.5,"Decrim",36,54,6.6,79.3,55.7,14.3,"High",60.55,25,"AL    ",-2.90000009536743,18.8,11.9,12,"6-8 restr",8,2.01,52,"No",25,26.4,26.4,26.8,56.4837553532677,62.46,24.9,25.9,0.425,"$.07-$.64",9.41,21.1,40.6779661016949,77.7142857142857,72,-13.2,"More Rep",1757,14.2857142857143,42.8571428571429,22.2222222222222,38.8762769580023,60.7142857142857,57.8571428571429,35.7142857142857,94.4,"E. South Cent",38.9,9,0,0,9,"Most conservative","Conservative","Yes",44,"Low","Bush win","Bush win",41.5665029478981,9024.68253476761,47.3666328014769,2.8,30,19,"Mid",15,2.2,2.9,3.9,29.9659477866061,36.84,16.8280871670702,60.32,42.4939467312349,1.0996403948455,38.74,"McCain win",13.2,27.6,10.0043878894252,10.020920502092,27795,"South",58.4795321637427,-13,31.1577752553916,"Yes",13,"Religious","No","South","Alabama                                   ",4.2,4.59999990463257,50.59,54.79,5.8,9.7,9.5,10.9,55.4,51.6,57.2,61.8,58.9,12.9,12.9,13.6,14.3
"3","More restr",4,6.1,18.9,1.15,"MidTax",26.7,45.2000007629395,-1.4,17.6,"Less restr",39,4,132.5,69.3333333333333,295.25,30.6666666666667,82.4,36.88,"No",2673400,2915918,29.15918,242518,9.1,"Not legal",40,55,5.9,78.6,52.3,18.7,"High",60.57,26,"AR    ",-2.90000009536743,21.9,8.3,8.7,"9-10 restr",9,1.83,50,"No",11,15.8,15.8,16.1,51.3071976966329,54.31,25.6,23.7,0.59,"$.07-$.64",8.51,19.1,38.8775510204082,56.25,28.5,-8.8,"More Rep",530,25,75,83.3333333333333,43.0635838150289,75.5555555555556,72.5925925925926,46.6666666666667,56,"W. South Cent",26.7,6,0,0,6,"Most conservative","Conservative","Yes",44,"Low","Bush win","Bush win",45.864256260435,8443.07007261521,67.4230208119707,3.2,13,36,"Fewer restr",6,4.4,5.6,6.4,35.9344894026975,44.55,16.8367346938775,58.72,44.2857142857143,1.45598574932658,38.86,"McCain win",13.8,21.1,10.0755667506297,9.73936899862826,25725,"South",53.134328358209,-23,21.0019267822736,"Yes",23,"Religious","No","South","Arkansas                                  ",3.31,-0.200000002980232,46.93,50.24,5.9,4.8,5.4,4.2,52.5,47.9,53.6,53.4,50.5,20.7,23,22.2,20
"4","More restr",5,9.3,25.6,2,"HiTax",19.5,36,-3.5,15.5,"Less restr",50,0,155.571428571429,62.5952380952381,269.857142857143,37.4047619047619,84.2,44.45,"No",5130632,6392017,63.92017,1261385,24.6,"Medicinal",56,39,27.3,43.3,36.6,33.9,"Mid",53.48,21,"AZ    ",-3.09999990463257,20.5,16,15.2,"6-8 restr",6,2.31,29,"No",1,3.5,4.2,5,51.021138160437,54.83,20.3,17.6,2,"$1.41-$2.58",2.4,24.3,33.3333333333333,69,49.5,-6.1,"Even",1771,28.5714285714286,62.5,20,31.9365079365079,44.4444444444444,41.1111111111111,41.1111111111111,56.3,"Mountain",20.9,10,0,0,11,"Conservative","Conservative","No",58,"Med","Bush win","Bush win",44.7345850173889,5313.86258828786,45.4473134223517,3.6,13,36,"Fewer restr",6,28,30.1,29.6,29.7142857142857,44.37,19.235836627141,53.39,47.4308300395257,2.97940752576997,44.91,"McCain win",12.7,46.2,9.61441320087557,9.90300375469337,28442,"West",33.2,-140,38.3492063492063,"Yes",140,"Secular","No","Nonsouth","Arizona                                   ",-2.32,1.89999997615814,44.64,42.32,5.1,6.3,8.8,6.5,88.2,45.6,54.1,56,52.9,34.4,31.1,34.4,35.6
"5","Less restr",49,10.7,29.9,0.87,"MidTax",6.3,30.7999992370605,14.9,14.9,"More restr",1,81,274.288461538462,54.7893081761006,152.403846153846,81.0220125786164,80.6,60.19,"Yes",33871648,37253956,372.53956,3382308,10,"Medicinal / Decrim.",65,28,31.9,37.8,34.5,36.6,"Low",37.09,15,"CA    ",-6.5,23.2,27.1,27.6,"0-5 restr",4,2.33,33,"No",5,6.8,6.7,7.2,41.651367663409,44.36,12.1,11.7,0.87,"$.695-$1.36",3.69,29.1,28.4661246612466,37.3396226415094,35.09,7.4,"More Dem",1106,64.1509433962264,64.1509433962264,63.6363636363636,41.2971404890178,60.8333333333333,64.1666666666667,66.6666666666667,239.1,"Pacific",12.5,0,55,55,0,"Liberal","Liberal","No",64,"High","Gore win","Kerry win",53.4495711050738,3040.22209077608,21.6030748519701,3.4,48,1,"More restr",79,34.7,36.6,37.6,25.8288437629507,54.31,24.2059620596206,36.91,47.3279132791328,3.81827921139946,60.94,"Obama win",10.7,52.8,9.95239676740839,10.5304128415741,35019,"West",28.7861915367483,-147,32.8740157480315,"No",147,"Secular","No","Nonsouth","California                                ",6.63,2.90000009536743,54.61,61.24,6.2,16.5,16.7,17.2,94.4,55.7,58.8,61.7,55.2,28.3,27.5,28.3,25.8
"6","Mid",25,12.7,35.9,0.84,"MidTax",15.7,36.9000015258789,-2.4,15.7,"More restr",15,15,161.571428571429,59.1666666666667,265.857142857143,40.8333333333333,89.3,51.45,"Yes",4301261,5029196,50.29196,727935,16.9,"Medicinal / Decrim.",61,34,21.9,46.1,33.5,39.3,"Low",46.09,20,"CO    ",0.5,17.1,16.1,15.7,"0-5 restr",4,2.68,29,"Yes",4,4.1,4.3,5,50.7502147736722,51.71,17.3,12.3,0.84,"$.695-$1.36",5.86,34.7,32.3859881031064,63.4285714285714,30.29,-0.2,"Even",1139,42.8571428571429,71.4285714285714,44.44,29.6778190830235,59,59,55,48.5,"Mountain",22.5,0,9,9,0,"Liberal","Liberal","No",61,"High","Bush win","Bush win",42.3935090113061,8248.5948052134,52.2151055556395,1.3,32,17,"More restr",16,19.1,20.2,20.7,37.7323420074349,47.04,21.6787838730998,44.71,45.9352280237938,5.25069945008752,53.66,"Obama win",9.8,46.3,9.79635584137192,9.70371843308809,36063,"West",26.0869565217391,-163,32.5898389095415,"No",163,"Secular","No","Nonsouth","Colorado                                  ",0.82,3.09999990463257,57.55,58.37,5.4,8.4,8.7,7,84.5,57.5,66.7,69.8,70.3,35,37,41,42
"7","Less restr",45,15.5,35.6,3.4,"HiTax",1.8,27.3999996185303,17,15.9,"More restr",5,58,338.2,20.7,91,79.3,88.6,58.06,"Yes",3405565,3574097,35.74097,168532,4.9,"Medicinal / Decrim.",68,26,41.5,32.1,30.5,40.4,"Low",40.72,18,"CT    ",-6.30000019073486,9.9,23.6,24.6,"0-5 restr",4,2.34,30,"No",7,10.1,10.3,11.3,38.4436032270773,43.95,10.1,8.7,2,"$1.41-$2.58",5.47,34.6,27.2727272727273,31.2,1.6,7.1,"More Dem",2453,100,100,57.1428571428571,33.0097087378641,70.0534759358289,73.7967914438503,64.7058823529412,738.1,"New England",14.8,0,7,7,0,"Most liberal","Liberal","No",65,"High","Gore win","Kerry win",55.9096281324403,6644.92317919743,48.4597927812256,2.7,46,3,"More restr",54,10.6,12,13.4,42.188879082083,54.31,22.1706864564007,38.22,50.556586270872,4.4159572463644,60.59,"Obama win",13.5,45.3,8.86039886039886,9.1494124230554,45398,"Northeast",35.0210970464135,-170,24.801412180053,"No",170,"Secular","No","Nonsouth","Connecticut                               ",4.47,2.20000004768372,60.86,65.33,4.9,15.3,15.6,17.3,87.7,61.9,65,67.2,60.9,28.3,31.6,29.9,28.3
"8","Mid",30,11.4,28.7,1.6,"MidTax",6.3,32.2999992370605,15.9,16.1,"Mid",18,13,273,35,156,65,87.4,58.61,"Yes",783600,897934,8.97934,114334,14.6,"Medicinal",63,31,25.6,52,35.2,33.7,"Mid",39.98,21,"DE    ",-3.5,9.6,28.8,40,"0-5 restr",5,3.13,35,"No",5,20.4,20.9,22.9,41.9043898150918,45.75,15,13.6,1.15,"$.695-$1.36",17.12,27.6,30.1526717557252,52,56,7,"More Dem",690,100,0,66.6666666666667,37.9432624113475,50,64.5161290322581,64.5161290322581,460.8,"South Atlantic",25.7,0,3,3,0,"Conservative","Conservative","No",60,"Med","Gore win","Kerry win",54.9621209808865,3421.6323248702,36.751030699361,4.2,38,11,"More restr",22,5.8,6.8,8.2,36.8794326241135,53.35,22.5190839694656,36.93,47.3282442748092,2.53554401108595,61.91,"Obama win",13.1,NA,9.95260663507109,10.1336302895323,35861,"South",NA,-109,25.177304964539,"No",109,"Middle","No","South","Delaware                                  ",2.53,2,57.36,59.89,3.9,12.4,12,11.9,80.1,59,64.2,66.2,62.7,30.6,25.8,25.8,24.2
"9","Mid",26,9,25.3,1.339,"MidTax",17.2,36.7999992370605,4.5,14.5,"Less restr",41,3,165.32,61.2,263.04,38.8,85.3,49.91,"Yes",15982378,18801310,188.0131,2818932,17.6,"Pending legis",58,36,25.4,51.2,37.6,30.7,"Mid",49.03,21,"FL    ",-4,22.8,26.8,27.2,"6-8 restr",7,2.61,35,"Yes",14,15.7,15.9,17,48.8468265720404,52.1,19.1,18.1,0.339,"$.07-$.64",6.71,25.1,32.1012454801125,64.2,55.36,-1.8,"Even",938,24,40,29.63,37.4786081003993,34.375,36.25,37.5,350.6,"South Atlantic",14.6,0,27,29,0,"Most conservative","Conservative","Yes",57,"Med","Bush win","Bush win",48.8378212040361,4437.55780847186,37.3963303620865,3.8,13,36,"Fewer restr",6,19,21,22.5,28.0471572542308,47.09,20.5905986339896,48.1,47.308155885898,1.6348516126652,50.91,"Obama win",16.8,37.8,8.70713884204609,9.25482687091112,31455,"South",42.4202127659574,-84,34.4742346453698,"Yes",84,"Middle","No","South","Florida                                   ",8.43,3.09999990463257,53.36,61.79,4.6,6,5.9,5.8,89.3,55.9,64.4,67.5,63.5,23.8,23.1,25.6,24.4
"10","More restr",9,9.9,27.5,0.37,"LoTax",25.8,41.7999992370605,-4.7,17.8,"Mid",22,8,180.076923076923,57.8974358974359,247.461538461538,42.1025641025641,83.9,45.43,"No",8186453,9687653,96.87653,1501200,18.3,"Not legal",52,43,10.6,70.3,47.9,20.3,"High",53.24,21,"GA    ",-3,22.5,16.3,19.2,"9-10 restr",9,1.97,45,"No",21,29.6,30,31.5,54.6718196675606,57.97,17.8,18.5,0.37,"$.07-$.64",8.22,25.7,38.1153846153846,69.6153846153846,57.62,-6.8,"Even",1037,38.4615384615385,46.1538461538462,40,38.3314957736126,40.6779661016949,41.1016949152542,33.0508474576271,168.4,"South Atlantic",14.8,15,0,0,16,"Most conservative","Conservative","Yes",51,"Low","Bush win","Bush win",42.9847612680818,4805.70474603085,37.3568293579467,3.9,16,33,"Mid",7,6.8,8,8.8,30.0992282249173,41.37,17.6153846153846,52.1,44.2692307692308,0.517251205712869,46.9,"McCain win",9.6,27.8,9.94158492229693,10.0123864574732,30051,"South",52.6390870185449,-39,31.56927600147,"Yes",39,"Religious","No","South","Georgia                                   ",4.28,5.19999980926514,45.31,49.59,4.7,6.4,4.4,4.6,71.6,45.8,56.2,61.4,58.4,19.5,19.5,23.7,22.9
"11","Less restr",42,9.9,29.6,3.2,"HiTax",4.2,27.2000007629395,24,27.8,"More restr",6,50,377.5,13.0833333333333,51,86.9166666666667,90.4,70.55,"Yes",1211537,1360301,13.60301,148764,12.3,"Medicinal",57,35,25.8,42.2,31.4,40.3,"Low",27.84,16,"HI    ",-6.30000019073486,10.5,21.8,22.6,"0-5 restr",2,2.58,35,"No",1,2.2,3.1,2.9,37.4628686971907,45.26,9.7,10.3,1.8,"$1.41-$2.58",5.71,28.2,28.3524904214559,16.5,0,12.5,"More Dem",3566,100,100,100,40.4494382022472,82.8947368421053,89.4736842105263,89.4736842105263,211.8,"Pacific",231.7,0,4,4,0,"Liberal","Liberal","No",62,"High","Gore win","Kerry win",55.7916679123035,1281.18703139967,20.9512453493749,0.5,41,8,"More restr",43,7.9,8.7,8.9,36.7041198501873,54.01,26.4367816091954,26.58,45.2107279693487,5.87659769915016,71.85,"Obama win",13.6,NA,9.88235294117647,9.55882352941176,32160,"West",NA,-101,22.8464419475655,"No",101,"Middle","No","Nonsouth","Hawaii                                    ",4.77,2.29999995231628,43.49,48.26,3.4,23.7,23.4,23.5,91.5,44.2,48.2,50.5,44.2,32.9,32.9,34.2,27.6
"12","Less restr",37,7.4,25.1,1.36,"MidTax",20.2,40.0999984741211,4.3,14,"Mid",25,7,227.8,46.5333333333333,201.8,53.4666666666667,90.5,51.99,"Yes",2926324,3046355,30.46355,120031,4.1,"Pending legis",56,41,22.6,58.1,41.3,31.6,"Mid",46.18,22,"IA    ",0,11.8,10.6,11.3,"6-8 restr",6,2.31,40,"Yes",2,2.3,2.7,3.7,48.2206477378886,49.9,14.5,15,1.36,"$.695-$1.36",8.01,22.5,35.6451612903226,71,35.2,1,"Even",342,60,166.666666666667,28.5714285714286,30.8446455505279,56,58.6666666666667,48.6666666666667,54.5,"W. North Cent",29.5,0,7,6,0,"Most liberal","Liberal","No",56,"Med","Gore win","Bush win",48.5356459553818,4848.41720679304,66.8011443183739,0.7,32,17,"More restr",16,3.5,4.2,5,40.5731523378582,49.23,19.0322580645161,44.39,45.3225806451613,2.23280831096648,53.93,"Obama win",14.7,34.2,10.6540795684423,10.0459619172685,30560,"Midwest",35.0649350649351,-115,28.5822021116139,"Yes",115,"Middle","No","Nonsouth","Iowa                                      ",6.78,0,61.25,68.03,4.6,10.5,10.5,11.1,61.1,63.2,69.9,69.9,69.9,22.7,23.3,20.7,22.7
"13","Mid",22,7.5,23.9,0.57,"LoTax",30.1,47.5,-27.6,15.6,"Less restr",47,2,155.5,66.9166666666667,274,33.0833333333333,88.4,32.4,"No",1293953,1567582,15.67582,273629,21.1,"Not legal",41,55,13.2,39.6,45.1,34,"High",64.09,18,"ID    ",-3.70000004768372,17.2,6.1,6,"9-10 restr",9,2.68,45,"No",0,0.6,0.9,1,67.1696360399585,68.38,22.1,18.5,0.57,"$.07-$.64",6.71,24,34.6555323590814,86,64,-17.4,"More Rep",478,0,50,0,23.2741617357002,24.7619047619048,23.8095238095238,19.047619047619,19,"Mountain",42.6,4,0,0,4,"Most conservative","Conservative","Yes",47,"Low","Bush win","Bush win",27.6377982580474,8706.53018470485,82.6751008878642,0.8,13,36,"Fewer restr",6,8.9,10.2,11.2,35.1084812623274,30.26,17.9540709812109,61.21,47.3903966597077,2.45045562287065,35.91,"McCain win",11.4,NA,10.9867039888034,9.82142857142857,27098,"West",NA,-75,41.6173570019724,"Yes",75,"Middle","No","Nonsouth","Idaho                                     ",4.9,0.100000001490116,55.61,60.51,5.3,5.8,5.3,6.3,66.4,57.2,63.2,63.3,59.6,22.9,24.8,26.7,26.7
"14","Less restr",36,11.7,30.6,1.98,"HiTax",10.5,32.4000015258789,16.7,14.1,"More restr",9,35,245.473684210526,44.4473684210526,182.789473684211,55.5526315789474,86.4,57.55,"Yes",12419293,12830632,128.30632,411339,3.3,"Pending legis",58,33,29.4,47.9,38,32.2,"Mid",40.69,21,"IL    ",-3.90000009536743,17.2,18.9,20.5,"6-8 restr",6,2.33,39,"No",16,15.1,14.9,15.4,42.5847452712635,44.48,12.5,10.6,0.98,"$.695-$1.36",5.43,28.1,29.728370221328,45.2631578947368,34.95,7.7,"More Dem",390,42.1052631578947,63.1578947368421,57.14,39.2624728850325,58.1920903954802,60.4519774011299,62.7118644067797,231.1,"E. North Cent",12,0,21,20,0,"Liberal","Liberal","No",60,"Med","Gore win","Kerry win",54.5963485131027,8074.90231190482,36.3349209922005,2.8,41,8,"More restr",28,14,15.2,15.8,32.9959026271391,54.82,21.8561368209256,36.75,48.4154929577465,2.18802844211337,61.86,"Obama win",12,41,9.87228707984016,9.71085651936716,34351,"Midwest",34.1818181818182,-111,27.7416244878284,"No",111,"Middle","No","Nonsouth","Illinois                                  ",3.05,1.29999995231628,56.44,59.49,6.1,16.8,14.5,17.5,87.8,56.2,61.5,62.8,58.9,27.1,27.7,31.1,31.1
"15","More restr",7,8.1,22.5,0.995,"MidTax",23.4,41.0999984741211,-4.3,11.5,"Less restr",39,4,140.777777777778,64.8148148148148,288,35.1851851851852,86.6,43.85,"No",6080485,6483802,64.83802,403317,6.6,"Not legal",47,50,17.1,61.8,42.7,28.7,"Mid",54.03,25,"IN    ",-4.30000019073486,16.7,8.6,8.3,"9-10 restr",10,2.06,44,"No",7,8.8,9.1,10.1,56.6468816015263,59.94,15.6,14.8,0.995,"$.695-$1.36",10.47,21,37.6127093173036,71.4444444444444,51,-6.2,"Even",589,33.3333333333333,55.5555555555556,27.27,30.9640522875817,45.3333333333333,46,29.3333333333333,181,"E. North Cent",13.6,0,11,0,11,"Conservative","Conservative","No",52,"Med","Bush win","Bush win",41.012102930839,7335.3103626545,43.6163843374613,2.2,18,31,"Mid",8,4.3,5.2,6,33.3333333333333,39.26,17.5611850579648,48.84,44.8261056247316,0.842585511221288,49.87,"Obama win",12.4,22.1,10.0765306122449,10.0246761258482,30094,"Midwest",40.625,-66,35.702614379085,"No",66,"Religious","No","Nonsouth","Indiana                                   ",3.91,4.59999990463257,49.66,53.57,5.3,11.4,12,10.6,70.8,49.3,54.8,59.4,55.1,18.7,21.3,21.3,20.7
"16","More restr",11,10.2,29.5,0.79,"LoTax",21.6,41.7000007629395,-16.3,17.2,"Less restr",39,4,43,85.375,385,14.625,89.7,37.99,"No",2688418,2853118,28.53118,164700,6.1,"Not legal",50,45,20.3,61.4,45.1,26,"High",59.71,19,"KS    ",-5.69999980926514,14.6,18.4,19.2,"6-8 restr",8,1.99,48,"No",4,5.9,6.2,7.1,58.041554982289,62,20.7,15.9,0.79,"$.695-$1.36",7.13,28.7,38.7040280210158,70.75,71,-11.5,"More Rep",925,0,25,16.6666666666667,29.3487221764221,35.1515151515151,34.5454545454545,26.6666666666667,34.9,"W. North Cent",24,6,0,0,6,"Most conservative","Conservative","Yes",52,"Med","Bush win","Bush win",37.2383228037582,7394.43654275778,64.4207495098345,2.2,16,33,"Mid",7,8.1,9.1,10.5,29.7609233305853,36.62,15.3239929947461,56.5,45.9719789842382,3.3655469316874,41.57,"McCain win",13,28.6,10.8925318761384,10.0946372239748,30811,"Midwest",43.6482084690554,-51,40.8903544929926,"Yes",51,"Religious","No","Nonsouth","Kansas                                    ",2.32,0.899999976158142,56.2,58.52,5.5,8.4,7,6.2,71.4,55.6,61.6,62.5,56.8,29.1,29.7,27.3,24.8
"17","More restr",17,8.5,21,0.6,"LoTax",20,40.9000015258789,1.5,17.5,"Less restr",47,2,197.333333333333,55.2777777777778,231.666666666667,44.7222222222222,81.7,37.8,"No",4041769,4339367,43.39367,297598,7.4,"Pending legis",42,51,13.8,67.4,45.4,24.6,"High",60.49,29,"KY    ",-2.59999990463257,19.8,4.4,5.1,"6-8 restr",7,1.94,47,"No",4,7.5,7.7,8.7,56.5017060757538,59.55,22.6,20,0.3,"$.07-$.64",18.95,18.7,35.5921052631579,75.3333333333333,62.67,-10.4,"More Rep",1285,33.3333333333333,33.3333333333333,12.5,48.3556638246041,55.7971014492754,57.9710144927536,50,109.9,"E. South Cent",33,8,0,0,8,"Conservative","Conservative","No",46,"Low","Bush win","Bush win",41.3743931272573,NA,54.2475434781156,2.7,1,48,"Fewer restr",2,1.9,2.4,3.1,21.6199756394641,39.69,19.0789473684211,57.37,45.3289473684211,1.50189063889283,41.15,"McCain win",12.5,17.7,9.89695662592859,9.51832219405393,27709,"South",57.1428571428571,-33,30.0243605359318,"No",33,"Religious","No","South","Kentucky                                  ",5.7,-0.800000011920929,52.95,58.65,5.2,9.6,9.1,8.6,55.8,52.2,58.7,57.9,55.3,12.3,15.9,18.1,16.7
"18","More restr",1,6.9,21.4,0.36,"LoTax",30.4,44.0999984741211,-1.3,19.9,"Less restr",47,2,126.285714285714,69.6190476190476,302.285714285714,30.3809523809524,82.2,40.58,"No",4468976,4533372,45.33372,64396,1.4,"Not legal",36,57,28.8,56.2,53.3,17.1,"High",57.78,26,"LA    ",-1.70000004768372,24,11.7,16.1,"9-10 restr",9,2.63,53,"No",22,33,32,32.8,52.5510631742537,56.72,21.4,24,0.36,"$.07-$.64",8.16,21.3,40.5797101449275,77.5714285714286,79.14,-9.7,"More Rep",802,14.2857142857143,14.2857142857143,33.33,46.4371980676328,60.4166666666667,51.3888888888889,41.6666666666667,104.9,"W. South Cent",29.1,9,0,0,8,"Conservative","Conservative","No",51,"Low","Bush win","Bush win",44.8753324543399,7197.51213886705,45.7275511473579,7.7,1,48,"Fewer restr",2,2.8,3.4,4.2,24.8792270531401,42.22,16.2055335968379,58.56,43.2147562582345,1.15951238519848,39.93,"McCain win",11.7,15.5,11.1184792219275,10.4787116699757,27581,"South",64.9350649350649,-16,28.6835748792271,"Yes",16,"Religious","Yes","South","Louisiana                                 ",3.64,1,54.99,58.63,6,7.6,5.6,5.8,72.6,56.4,61.1,62.1,60.4,17.4,16,16,12.5
"19","Less restr",40,16.4,38.2,2.51,"HiTax",-2.2,27.3999996185303,20,15.8,"More restr",3,65,372.4,14.4833333333333,53,85.5166666666667,89,60.65,"Yes",6349097,6547629,65.47629,198532,3.1,"Medicinal / Decrim.",68,28,43,27.4,26.5,46.5,"Low",37.51,17,"MA    ",0.100000001490116,4.5,19.9,18.3,"6-8 restr",6,2.47,30,"No",3,6.8,7,7.8,32.501191276012,36.78,8.8,6.7,1.51,"$1.41-$2.58",4.48,35.9,22.7541954590326,7.6,0.8,11.7,"More Dem",1154,100,100,100,33.6254612546125,88,89,83.5,839.4,"New England",14.4,0,12,11,0,"Most liberal","Liberal","No",68,"High","Gore win","Kerry win",59.8037946210558,3214.18638716396,54.6915532324754,1.8,46,3,"More restr",54,7.7,8.6,9.6,50.7841328413284,61.94,27.6406712734452,35.99,49.6051332675222,6.42119968153715,61.8,"Obama win",13.3,47.4,9.34521018909205,10.3543066585217,41801,"Northeast",21.1363636363636,-171,15.590405904059,"No",171,"Secular","No","Nonsouth","Massachusetts                             ",3.73,2,60.44,64.17,5.1,13.5,13.2,16.6,91.4,59.9,64.2,66.2,66.3,24.5,26,24,25
"20","Less restr",43,16,35.7,2,"HiTax",5.2,31.7999992370605,23.1,25.5,"More restr",7,45,297.125,31.1041666666667,130.125,68.8958333333333,88.2,61.97,"Yes",5296486,5773552,57.73552,477066,9,"Not legal",65,29,22.6,52.2,36.7,31.1,"Mid",35.9,19,"MD    ",-1.5,12.3,31.5,29,"0-5 restr",3,2.21,37,"No",22,29.1,29.4,30.9,40.1779825029129,42.93,13.2,12,1,"$.695-$1.36",5.09,34.5,28.4718498659517,25,16,8.5,"More Dem",2071,75,87.5,80,50.716049382716,73.936170212766,72.8723404255319,70.7446808510638,594.8,"South Atlantic",26.1,0,10,10,0,"Liberal","Liberal","No",61,"High","Gore win","Kerry win",56.5684183502182,2366.03047829135,48.1159605040363,5.1,44,5,"More restr",53,5.4,6.7,8.2,23.5061728395062,55.91,22.2520107238606,36.47,49.2761394101877,2.65458064261311,61.92,"Obama win",11.4,48.1,9.30357142857143,9.64669206789054,39247,"South",30.6122448979592,-91,25.7777777777778,"No",91,"Middle","No","South","Maryland                                  ",2.46,4.80000019073486,54.55,57.01,4.2,10.9,12.9,12.6,86.1,55.5,62.9,67.7,66.2,33,30.9,30.9,31.4
"21","Mid",31,9.6,26.9,2,"HiTax",11.3,32.5999984741211,8.2,14.4,"Mid",25,7,337.5,20.4166666666667,91.5,79.5833333333333,90.2,56.27,"Yes",1274923,1328361,13.28361,53438,4.2,"Medicinal / Decrim.",63,33,22.3,46,24.4,49.1,"Low",40.98,20,"ME    ",-3.29999995231628,14.8,10.5,11.2,"0-5 restr",4,2.48,23,"No",0,0.7,1,1.6,43.9718509949879,44.58,16.6,14.7,2,"$1.41-$2.58",7.3,25.9,32.8407224958949,10,4,5.5,"More Dem",1389,100,100,50,23.7003058103976,57.5268817204301,62.3655913978495,58.0645161290323,43.1,"New England",27.9,0,4,4,0,"Most liberal","Liberal","No",62,"High","Gore win","Kerry win",49.086016473949,6913.33154165171,68.9571584832737,0.8,28,21,"Mid",12,0.9,1.3,1.3,45.4128440366972,53.57,23.8095238095238,40.38,43.3497536945813,5.69592385592889,57.71,"Obama win",14.4,42.9,9.37972768532526,8.73493975903614,30566,"Northeast",NA,-177,30.8868501529052,"No",177,"Secular","No","Nonsouth","Maine                                     ",-0.88,-2.40000009536743,67.76,66.88,4.7,11.3,11.7,11.7,40.2,67.2,73.8,71.4,68.1,30.6,29,29.6,29
"22","Mid",18,9.4,24.6,2,"HiTax",12.4,34.5999984741211,12.3,12.7,"More restr",11,25,207.066666666667,51.6222222222222,220.733333333333,48.3777777777778,87.9,54.09,"Yes",9938444,9883640,98.8364,-54804,-0.6,"Medicinal",55,42,23,53.7,36.5,33.6,"Mid",44.61,24,"MI    ",-4.19999980926514,15.4,19.4,18.4,"6-8 restr",8,2.22,38,"Yes",14,14.3,14.2,15.2,46.1462147321406,47.81,13.8,12,2,"$1.41-$2.58",7.6,24.3,32.6328079392878,52.7333333333333,41.87,3.8,"More Dem",343,40,53.3333333333333,47.0588235294118,35.5946636389441,50.6756756756757,56.7567567567568,42.5675675675676,174.8,"E. North Cent",10,0,17,16,0,"Conservative","Conservative","No",57,"Med","Gore win","Kerry win",51.2797988706914,4354.72153983755,42.6664670101299,4.2,38,11,"More restr",22,3.7,4.1,4.4,34.5728072665342,51.23,20.4028021015762,40.89,46.964389959136,1.98854058156159,57.33,"Obama win",12.3,34.1,9.85080525639759,9.85430999595306,31954,"Midwest",33.7809917355372,-107,29.8325290945217,"No",107,"Middle","No","Nonsouth","Michigan                                  ",6.78,2.29999995231628,59.39,66.17,7,21.6,19.5,18.8,74.7,59.9,66.6,68.9,64.7,19.6,25,20.9,20.9
"23","Mid",28,10.3,31.5,1.6,"MidTax",10.2,36.2000007629395,11.3,12.6,"Mid",17,14,216.5,49.7291666666667,210,50.2708333333333,91.5,52.65,"Yes",4919479,5303925,53.03925,384446,7.8,"Decrim",56,39,25.8,50.3,38.2,33.6,"Mid",44.96,17,"MN    ",-2.5,11.5,12.7,12.7,"6-8 restr",8,2.59,38,"Yes",1,4.1,4.6,6.2,45.5023506520932,47.61,14.8,11.7,1.49,"$1.41-$2.58",6.63,30.6,29.0871583290356,55.375,40,2.3,"Even",419,50,62.5,50,35.3199804592086,64.1791044776119,66.1691542288557,55.7213930348259,66.6,"W. North Cent",14.1,0,10,10,0,"Liberal","Liberal","No",58,"Med","Gore win","Kerry win",47.9055720603522,8314.44637697554,50.8114273863224,1,26,23,"Mid",11,3.5,4.1,4.7,37.6160234489497,51.09,21.2996389891697,43.82,49.6132026817947,5.19525892027876,54.06,"Obama win",12.1,32,10.3448275862069,9.48340874811463,35861,"Midwest",34.2608695652174,-120,27.0639960918417,"No",120,"Middle","No","Nonsouth","Minnesota                                 ",6.92,-0.200000002980232,69.26,76.18,4.8,17.5,16.3,15.1,70.9,69.5,78.4,78.2,75.7,34.8,34.8,31.8,33.3
"24","More restr",8,9.5,25.2,0.17,"LoTax",20.6,42.9000015258789,-3.6,12.4,"Less restr",39,4,192.444444444444,55,234.666666666667,45,86.8,44.38,"No",5595211,5988927,59.88927,393716,7,"Pending legis",45,48,16.1,62.2,42.1,28.4,"Mid",53.76,26,"MO    ",-5.59999990463257,16.4,6.9,6.3,"9-10 restr",9,2.42,43,"No",9,11.5,11.5,12.5,50.4228159593744,53.3,21.4,17.6,0.17,"$.07-$.64",9.68,24.1,36.2441314553991,56.2222222222222,53.44,-3.1,"Even",1401,33.3333333333333,44.4444444444444,27.27,36.2753751103266,42.6395939086294,43.1472081218274,31.9796954314721,87.1,"W. North Cent",27,11,0,0,10,"Most conservative","Conservative","Yes",52,"Med","Bush win","Bush win",47.0842733481024,8570.86753603776,100.735908118433,5.4,6,43,"Fewer restr",4,2.6,3.2,3.5,37.5992939099735,46.1,18.2159624413146,49.37,45.5399061032864,1.63206621319959,49.24,"McCain win",13.3,37.8,10.1551724137931,9.83469694439806,30608,"Midwest",36.6197183098592,-70,26.1253309796999,"No",70,"Religious","No","Nonsouth","Missouri                                  ",6.77,2.79999995231628,57.39,64.16,5.7,12.4,10.7,9.4,69.4,58.2,65.3,68.1,62.5,19.3,22.3,22.8,24.4
"25","More restr",15,7.1,19.6,0.68,"LoTax",32.8,47.9000015258789,-5.1,19.1,"Less restr",39,4,137.25,65.4583333333333,291.25,34.5416666666667,80.4,43.79,"No",2844658,2967297,29.67297,122639,4.3,"Not legal",39,53,6.3,80.3,58.4,11.2,"High",55.29,26,"MS    ",-1.29999995231628,21.7,4.9,4.6,"6-8 restr",7,2.24,60,"No",26,36.8,37.2,37.6,57.6195150998206,59.44,30.6,31.6,0.18,"$.07-$.64",9.35,18.7,46.8292682926829,67.5,48,-9.5,"More Rep",1265,25,75,33.3333333333333,40.2903811252269,56.8965517241379,58.0459770114943,45.4022988505747,63.2,"E. South Cent",92.8,6,0,0,6,"Most conservative","Conservative","Yes",45,"Low","Bush win","Bush win",40.6981001504752,7491.56555612734,47.888701400635,4,7,42,"Fewer restr",5,1.7,2.2,2.7,23.5934664246824,39.72,14.7317073170732,56.18,38.4390243902439,0.816951389280053,43,"McCain win",12.2,33.8,11.0578568983225,10.2797438490057,24650,"South",NA,-4,36.1161524500907,"No",4,"Religious","Yes","South","Mississippi                               ",2.93,5.30000019073486,48.21,51.14,6.2,4.8,6.7,4.8,48.8,49.1,55.7,61,59.7,13.8,14.4,14.9,17.2
"26","Less restr",41,8.3,27.4,1.7,"MidTax",26.7,45.2000007629395,-13.4,16.5,"Less restr",47,2,197,56.5,233,43.5,90.8,41.66,"No",902195,989415,9.89415,87220,9.7,"Medicinal",53,42,20,53.3,34,36.9,"Low",55.3,20,"MT    ",-3.70000004768372,16.9,11.7,12.3,"6-8 restr",6,2.99,31,"No",0,0.4,0.7,0.8,58.4378961403611,59.07,28,27.6,1.7,"$1.41-$2.58",7.31,25.7,37.5598086124402,83,92,-7.1,"Even",606,0,0,33.3333333333333,28.6975717439294,50,48.6666666666667,40,6.8,"Mountain",73.3,3,0,0,3,"Conservative","Conservative","No",56,"Med","Bush win","Bush win",33.3642338021932,13589.3431977482,146.95552422391,1.2,18,31,"Mid",8,2.4,3,2.9,39.7350993377483,38.57,18.4210526315789,49.49,44.0191387559809,5.94578549235153,47.11,"McCain win",13.7,NA,10.5769230769231,9.6056622851365,26857,"West",NA,-126,31.5673289183223,"No",126,"Middle","Yes","Nonsouth","Montana                                   ",-0.12,1.89999997615814,61.16,61.04,4.9,11.7,13.5,13.9,54.1,61.6,64.4,66.3,62.6,25.3,26,24,31.3
"27","Mid",27,8.8,26.5,0.45,"LoTax",20.9,40,2.9,18.1,"More restr",12,16,202.461538461538,51.474358974359,226.615384615385,48.525641025641,84.3,48.35,"No",8049313,9535483,95.35483,1486170,18.5,"Decrim",47,44,10.7,70.7,49.5,20.8,"High",50.39,23,"NC    ",-1.20000004768372,19.4,18.8,17.5,"6-8 restr",6,2.02,49,"No",14,21.8,21.6,22.6,56.0294126739538,56.02,20.3,20,0.35,"$.07-$.64",8.5,24.3,38.3097665241697,59.6923076923077,43.15,-4.3,"Even",893,53.8461538461538,61.5384615384615,40,40.893989731199,57.6470588235294,57.6470588235294,35.8823529411765,196.1,"South Atlantic",13,0,15,0,15,"Most conservative","Conservative","Yes",50,"Low","Bush win","Bush win",43.2009211125622,5131.43382458969,45.933698376894,3,36,13,"More restr",20,6.1,7.4,8.4,25.2793717909997,43.58,18.1190397895429,49.38,43.5711936862874,NA,49.7,"Obama win",12.1,25.1,9.53587469768513,9.84792868379654,29246,"South",56,-35,33.8266384778013,"No",35,"Religious","No","South","NorthCarolina                             ",4.85,8,49.62,54.47,5.4,2.7,3,3.1,60.2,50.7,57.8,65.8,64.6,25.9,26.5,22.4,22.4
"28","More restr",12,6.7,25.8,0.44,"LoTax",33.9,42.9000015258789,-18.5,18,"Less restr",47,2,150,68.1666666666667,278,31.8333333333333,90.1,38.7,"No",642200,672591,6.72591,30391,4.7,"Not legal",47,47,23.8,58.3,41.6,29,"Mid",58.32,17,"ND    ",-4.40000009536743,13.8,9.6,11.2,"9-10 restr",9,3.03,42,"No",0,0.7,1.1,1.6,60.6585812611012,62.86,17.5,17.5,0.44,"$.07-$.64",6.26,25.1,42.9429429429429,38,8,-10.4,"More Rep",1123,0,100,100,29.2537313432836,38.2978723404255,40.4255319148936,25.531914893617,9.7,"W. North Cent",68.3,3,0,0,3,"Most conservative","Conservative","Yes",51,"Low","Bush win","Bush win",33.0553396980462,12617.9208463985,93.0729076065544,0.6,6,43,"Fewer restr",4,1.5,2.1,2,34.9253731343284,35.5,13.8138138138138,53.07,43.2432432432432,3.29082482238011,44.47,"McCain win",14.7,NA,12.0879120879121,12.035661218425,31398,"Midwest",NA,-80,35.8208955223881,"No",80,"Middle","No","Nonsouth","NorthDakota                               ",4.12,0.200000002980232,60.43,64.55,3.4,7.7,6.4,6.8,55.9,60.3,64.8,65,60.6,17.7,16.3,14.9,19.1
"29","More restr",6,8.8,27.4,0.64,"LoTax",25.7,41.7000007629395,-16.9,13.8,"Mid",29,5,141.333333333333,68.0555555555556,288.333333333333,31.9444444444444,89.8,38.03,"No",1711263,1826341,18.26341,115078,6.7,"Decrim",49,47,25.3,56.4,44.2,28.5,"High",59.8,21,"NE    ",-2.5,15.9,8.9,8.1,"6-8 restr",8,2.35,47,"No",2,4.3,4.5,5.4,62.2453620346074,65.9,19.5,15.7,0.64,"$.07-$.64",5.31,25.3,38.107098381071,86.3333333333333,92,-13.5,"More Rep",632,0,0,20,29.0322580645161,NA,NA,0,23.8,"W. North Cent",15.4,4,1,0,5,"Most conservative","Conservative","Yes",50,"Low","Bush win","Bush win",33.2530390132837,4701.20311595699,60.8867675861189,1.8,23,26,"Mid",10,6.9,7.9,9.2,27.073732718894,32.68,16.4383561643836,56.53,45.4545454545455,3.52070746995419,41.6,"McCain win",13.3,30.4,10.8584422967595,10.0219058050383,31339,"Midwest",30,-71,43.8940092165899,"Yes",71,"Religious","Yes","Nonsouth","Nebraska                                  ",1.07,-0.300000011920929,56.95,58.02,3.8,8.3,7.8,9.2,69.8,56.9,62.9,62.6,60.1,18.4,20.4,22.4,20.4
"30","Mid",32,11.2,32,1.68,"MidTax",11,36.9000015258789,0.4,13,"Mid",27,6,132,66.8333333333333,297.5,33.1666666666667,91.3,51.98,"Yes",1235786,1316470,13.1647,80684,6.5,"Pending legis",67,29,32.8,33.8,23.4,49.8,"Low",46.4,17,"NH    ",-1.20000004768372,13.6,11.7,12.3,"0-5 restr",1,4.38,23,"Yes",1,0.9,1.2,1.7,48.0703098504431,48.88,9.8,10.3,1.08,"$.695-$1.36",14.18,30.3,29.6551724137931,64,2,1.6,"Even",642,0,100,0,23.9583333333333,59.6698113207547,56.3679245283019,54.7169811320755,147,"New England",47.2,0,4,4,0,"Most liberal","Liberal","No",63,"High","Bush win","Kerry win",46.8031791607873,9736.49228618958,83.4048630048539,0.4,26,23,"Mid",11,2.1,2.6,2.8,48.3333333333333,50.25,24.1379310344828,44.52,46.2068965517241,3.90067494785452,54.13,"Obama win",12.1,45.7,9.31297709923664,9.34650455927052,37040,"Northeast",25.6198347107438,-180,27.7083333333333,"No",180,"Secular","No","Nonsouth","NewHampshire                              ",8.86,0.400000005960464,62.74,71.6,3.7,9.9,9.7,10.8,59.3,63.9,70.9,71.3,70.1,35.8,37.5,24.5,28.8
"31","Less restr",46,12.9,34.5,2.7,"HiTax",5.5,29.6000003814697,13.1,16.5,"More restr",2,72,277.923076923077,36.525641025641,148.846153846154,63.474358974359,87.4,58.25,"Yes",8414350,8791894,87.91894,377544,4.5,"Medicinal",63,31,42.3,33,34.7,34.6,"Low",40.5,18,"NJ    ",-4.30000019073486,15.2,34.3,31.3,"0-5 restr",5,2.35,36,"No",13,14.5,14.5,14.8,40.29124385908,46.24,9.1,8.2,2.58,"$1.41-$2.58",4.89,32.1,30.5602716468591,36.6923076923077,28.92,4.4,"More Dem",617,53.8461538461538,69.2307692307692,66.67,40.4605263157895,59.1666666666667,59.1666666666667,60,1195.5,"Mid Atlantic",15,0,15,14,0,"Liberal","Liberal","No",64,"High","Gore win","Kerry win",56.1256089150879,976.479015784312,5.91453900604352,2.8,47,2,"More restr",63,14.9,16.3,17.7,30.0986842105263,52.92,21.7317487266553,41.61,47.7079796264856,2.96665501599196,57.14,"Obama win",12.9,49.9,8.53406744666208,8.7238398544131,41332,"Northeast",29.4117647058824,-131,29.4407894736842,"No",131,"Secular","No","Nonsouth","NewJersey                                 ",3.49,2.40000009536743,56.43,59.92,4.8,19.8,19.2,19.3,94.4,56.9,63.8,66.2,61.9,19.2,28.3,28.3,30
"32","Less restr",38,10.4,25.3,1.66,"MidTax",15.5,37.0999984741211,7,21.8,"Less restr",39,4,214,47.2777777777778,215,52.7222222222222,82.8,52.99,"Yes",1819046,2059179,20.59179,240133,13.2,"Medicinal",56,39,30.7,42.4,43.2,29.8,"Mid",42.84,20,"NM    ",-5.59999990463257,20.1,15.7,15.5,"0-5 restr",3,2.42,34,"Yes",2,2.4,3,2.8,47.8474118993326,49.84,22.8,19.2,0.91,"$.695-$1.36",4.92,23.8,26.0922330097087,54.3333333333333,10.67,2.4,"Even",1151,66.6666666666667,100,40,36.2102785406042,58.9285714285714,64.2857142857143,56.25,17,"Mountain",64.5,0,5,5,0,"Liberal","Liberal","No",59,"Med","Gore win","Bush win",47.9085540548442,6964.86318090851,52.5937764516829,3.3,13,36,"Fewer restr",6,43.3,44.9,46.3,36.9164378187524,49.05,24.3932038834951,41.78,49.5145631067961,3.55008728627392,56.91,"Obama win",12.1,39.6,10.6846473029046,9.90772219524041,26191,"West",35.0649350649351,-115,26.8732836406434,"No",115,"Middle","No","Nonsouth","NewMexico                                 ",6.41,1.29999995231628,48.24,54.65,5.6,6.7,7.7,6.7,75,48.5,59,60.3,54.7,30.4,30.4,26.8,25.9
"33","Less restr",39,7.6,21.8,0.8,"LoTax",15.6,35.7000007629395,-2,14.2,"Mid",29,5,242.5,44.4166666666667,186.5,55.5833333333333,83.9,52.36,"Yes",1998257,2700551,27.00551,702294,35.1,"Medicinal / Decrim.",64,32,26.3,42.1,31.4,40.2,"Low",45.68,24,"NV    ",-1.5,23.3,27,25.9,"6-8 restr",6,3.3,30,"Yes",11,7.5,8.1,9.4,49.5221439479777,50.47,17.8,16,0.8,"$.695-$1.36",6.63,19.5,32.5884543761639,61.3333333333333,32,1.3,"Even",611,50,66.6666666666667,40,32.688927943761,58.7301587301587,63.4920634920635,60.3174603174603,24.6,"Mountain",55.8,0,5,6,0,"Liberal","Liberal","No",60,"Med","Bush win","Bush win",45.9756638258042,5419.74582224146,47.7310000810946,3.1,26,23,"Mid",11,22.8,25.7,26.5,30.4042179261863,47.88,18.8081936685289,42.65,48.6033519553073,2.46448921950178,55.15,"Obama win",11.2,NA,8.69565217391304,9.21880784894483,33405,"West",NA,-139,36.9068541300527,"Yes",139,"Secular","No","Nonsouth","Nevada                                    ",8.45,3.29999995231628,45.34,53.79,4.2,12.5,15.4,15.7,91.5,45.2,55.3,58.6,57.1,30.2,31.7,28.6,31.7
"34","Less restr",48,14,32.4,4.35,"HiTax",4,29.2999992370605,22.1,17.6,"More restr",4,62,308.703703703704,63.2916666666667,119.148148148148,104.494047619048,84.7,63.33,"Yes",18976457,19378102,193.78102,401645,2.1,"Decrim",66,27,37.3,32.5,31.5,38.5,"Low",35.19,19,"NY    ",-4.80000019073486,13,38.2,37.6,"0-5 restr",3,2.06,32,"No",14,17.5,17.3,17.2,35.2297618337382,40.08,8.8,7.4,1.5,"$1.41-$2.58",3.34,29.8,28.6638329329144,28.0689655172414,8.72,10.2,"More Dem",328,71.4285714285714,93.1034482758621,70.97,41.2921348314607,64.622641509434,66.5094339622642,63.849765258216,411.2,"Mid Atlantic",12.8,0,31,29,0,"Liberal","Liberal","No",66,"High","Gore win","Kerry win",60.2125124908403,1747.4311983702,20.4199565055442,2.7,43,6,"More restr",51,16,16.7,17.6,30.3370786516854,58.37,26.4276473849566,36.03,44.908519682129,3.57710401306127,62.88,"Obama win",13,49,9.47805764736432,10.2384146970792,38228,"Northeast",29.3927125506073,-151,28.3707865168539,"No",151,"Secular","No","Nonsouth","NewYork                                   ",0.08,0,54.73,54.81,5.8,25.3,25.2,25.2,87.5,55.1,58,58,53.2,24.1,24.5,21.2,23.9
"35","More restr",16,8.8,24.1,1.25,"MidTax",18.1,37.9000015258789,5.5,13.4,"Mid",25,7,167.882352941176,59.3921568627451,260.764705882353,40.6078431372549,87.6,50.58,"Yes",11353140,11536504,115.36504,183364,1.6,"Decrim",52,42,20.9,56.7,38.2,30.8,"Mid",47.6,26,"OH    ",-2.09999990463257,14.7,14.9,14.7,"6-8 restr",8,2.01,36,"Yes",14,11.9,12,13.4,49.9677077061803,50.81,14,12.1,1.25,"$.695-$1.36",8.72,22.9,33.6268829663963,59.5555555555556,44.28,-0.7,"Even",593,29.4117647058824,55.5555555555556,30,35.7018308631212,43.9393939393939,49.2424242424242,37.1212121212121,282.3,"E. North Cent",12,0,20,18,0,"Conservative","Conservative","No",56,"Med","Bush win","Bush win",46.4607369698629,5454.12197664041,41.1303112277342,2.7,29,20,"Mid",13,2.2,2.6,3.1,33.0427201394943,48.71,19.837775202781,46.8,46.5353418308227,2.50468764245428,51.38,"Obama win",13.3,34.3,9.83949755757153,9.52587327728179,31322,"Midwest",33.7962962962963,-96,31.2554489973845,"No",96,"Middle","No","Nonsouth","Ohio                                      ",8.18,-0.100000001490116,56.38,64.56,6.3,15.2,14.1,14.2,77.4,56.7,66.8,66.7,64.6,16.7,22,22.7,25
"36","More restr",2,7.4,22.7,1.03,"MidTax",29.5,45,-9.8,17,"Less restr",47,2,157.4,64.4,272.4,35.6,85.6,33.23,"No",3450654,3751351,37.51351,300697,8.7,"Not legal",47,48,9.6,72.1,47.6,22.4,"High",66.77,26,"OK    ",-7.5,21.4,9.5,9.9,"9-10 restr",10,1.95,50,"No",3,7.7,8,8.7,60.3078521084823,65.57,21.9,20.4,1.03,"$.695-$1.36",10.04,21.9,41.7377812257564,86.4,84.6,-16.9,"More Rep",1135,20,20,14.2857142857143,46.987087517934,45.6375838926175,40.9395973154362,27.5167785234899,54.7,"W. South Cent",22.2,7,0,0,7,"Most conservative","Conservative","Yes",43,"Low","Bush win","Bush win",38.4269045695734,9809.15942016623,62.7773834013399,3,1,48,"Fewer restr",2,6.3,7.6,8.9,19.0100430416069,34.43,13.6539953452289,65.65,44.6082234290147,NA,34.35,"McCain win",13.2,25.2,10.8511837655017,10.1572913889629,28089,"South",33.3333333333333,-37,34.0028694404591,"Yes",37,"Religious","No","South","Oklahoma                                  ",7.3,-1.60000002384186,49.41,56.71,4.9,6.1,7.1,5.7,65.3,49.9,58.3,56.7,49.2,12.8,11.4,12.8,12.8
"37","Less restr",44,10.4,29.2,1.18,"MidTax",3.7,33.5999984741211,7.2,14.4,"More restr",15,15,274.8,35.6666666666667,154.6,64.3333333333333,89.1,54.24,"Yes",3421399,3831074,38.31074,409675,12,"Medicinal / Decrim.",62,33,13.8,48.9,28.8,44.6,"Low",42.15,18,"OR    ",-4.59999990463257,17.6,17.7,17.3,"0-5 restr",1,2.59,32,"Yes",3,1.8,2,2.6,46.5183758722477,47.19,13.1,13,1.18,"$.695-$1.36",5.01,26.4,31.132783195799,30.4,20,4,"More Dem",308,80,80,71.4285714285714,38.7813620071685,53.3333333333333,60,55.5555555555556,39.9,"Pacific",25.7,0,7,7,0,"Liberal","Liberal","No",60,"Med","Gore win","Kerry win",46.9593889833425,6970.39524686811,66.1172297898709,0.9,35,14,"More restr",18,9.5,11,11.7,30.1075268817204,51.35,23.4058514628657,40.4,45.4613653413353,5.04293440280371,56.75,"Obama win",12.8,48.7,9.61274375171656,9.37092143043592,29971,"West",23.9583333333333,-156,31.1111111111111,"No",156,"Secular","Yes","Nonsouth","Oregon                                    ",10.96,-4.19999980926514,63,73.96,7.6,15.2,14.3,17,78.7,64.9,72,67.8,63.2,31.1,27.8,27.8,31.1
"38","More restr",3,10.2,26.4,1.6,"MidTax",15.2,37.0999984741211,6.2,11.7,"More restr",10,26,216.263157894737,50.6052631578947,213,49.3947368421053,87.9,51.96,"Yes",12281054,12702379,127.02379,421325,3.4,"Pending legis",51,44,28,50.3,39.5,32.1,"Mid",46.58,22,"PA    ",-4.80000019073486,11.9,13.8,17,"6-8 restr",8,2.19,39,"Yes",7,10.5,10.8,11.9,46.4293048875877,48.42,14.1,12.5,1.35,"$.695-$1.36",7.31,24.2,31.7057003977022,56.6315789473684,34.37,2,"Even",651,36.8421052631579,63.1578947368421,33.3333333333333,40.1452282157676,48.6166007905138,49.0118577075099,45.8498023715415,283.9,"Mid Atlantic",16.3,0,21,20,0,"Conservative","Conservative","No",58,"Med","Gore win","Kerry win",50.5985505337852,7624.82366492135,46.9675798525615,3.6,39,10,"More restr",26,3.8,4.8,5.7,23.8381742738589,50.92,19.5095006628369,44.15,48.7847989394609,2.10440658978543,54.47,"Obama win",15.3,35.4,9.53338696701529,9.92757046134467,33348,"Northeast",28.4872298624754,-100,36.0165975103734,"No",100,"Middle","Yes","Nonsouth","Pennsylvania                              ",7.55,1.60000002384186,53.67,61.22,5.6,15,15.1,15,77.1,54.1,62.6,64.2,59.4,14.6,15.4,17.4,17.8
"39","Mid",29,11.7,30.5,3.46,"HiTax",-0.5,33.7999992370605,23.1,15.5,"More restr",8,44,332,21.5833333333333,97.5,78.4166666666667,84.7,62.7,"Yes",1048319,1052567,10.52567,4248,0.4,"Medicinal",63,32,44.1,31.1,29.1,43.8,"Low",35.24,20,"RI    ",-4.5,15.2,23.2,22.9,"6-8 restr",6,2.55,30,"No",4,6.1,6.4,7.4,31.9117992139072,38.67,8.9,7.6,2.46,"$1.41-$2.58",6.17,29.1,23.0769230769231,13,2,11.2,"More Dem",1003,100,100,75,36.2017804154303,82.3008849557522,90.2654867256637,89.3805309734513,1018.1,"New England",30,0,4,4,0,"Liberal","Liberal","No",66,"High","Gore win","Kerry win",60.9877001896791,2284.89017801242,50.3530891620201,1.5,42,7,"More restr",47,10.3,11.6,12.4,49.5548961424332,59.42,22.4615384615385,35.06,54.4615384615385,6.12350652144156,62.86,"Obama win",13.9,NA,10.4089219330855,11.3960113960114,33733,"Northeast",NA,-170,14.2433234421365,"No",170,NA,"No","Nonsouth","RhodeIsland                               ",0.45,4,54.72,55.17,5.4,16.3,15,17.9,90.9,54.2,58.5,62.5,58,19.5,22.1,25.7,26.5
"40","Mid",19,8.4,24.3,0.57,"LoTax",26.6,45.0999984741211,-7.4,18,"Mid",22,8,142.5,66.9722222222222,286,33.0277777777778,83.6,44.09,"No",4012012,4625364,46.25364,613352,15.3,"Not legal",47,43,9.1,74.2,51.9,18,"High",54.56,24,"SC    ",-2,20.5,7.9,8.1,"9-10 restr",10,2.37,54,"No",19,29.4,28.5,28.8,56.8400475296102,57.98,24.9,24.2,0.07,"$.07-$.64",10.46,23.2,38.5233918128655,68.5,64,-7.8,"Even",1027,16.6666666666667,33.3333333333333,25,33.6971350613915,41.7647058823529,42.3529411764706,37.6470588235294,153.9,"South Atlantic",30.1,8,0,0,9,"Most conservative","Conservative","Yes",49,"Low","Bush win","Bush win",40.9021513440567,6667.75631063847,44.6883747960161,4.5,22,27,"Mid",9,3.1,4.1,5.1,31.6507503410641,40.9,17.0321637426901,53.87,44.4444444444444,1.46089185277971,44.9,"McCain win",12.4,33.8,10.0822561692127,10.2918918918919,27172,"South",53.125,-15,34.6521145975443,"No",15,"Religious","No","South","SouthCarolina                             ",4.16,5.59999990463257,46.68,50.84,6.9,3,4.1,4.5,60.5,47,53,58.6,56.6,8.8,10,9.4,13.5
"41","More restr",13,7.3,25.1,1.53,"MidTax",21.7,42.7000007629395,-4.9,14.5,"Less restr",39,4,129,73,300,27,89.9,39.87,"No",754844,814180,8.1418,59336,7.9,"Not legal",47,49,24.8,56.9,45.6,27.3,"High",57.89,22,"SD    ",-4.40000009536743,14.4,5.1,5.6,"9-10 restr",9,2.62,42,"No",0,0.8,1.1,1.8,60.2967726840127,59.91,24.4,18.3,1.53,"$1.41-$2.58",6.88,23.1,39.1534391534392,60,20,-8.9,"More Rep",656,0,100,66.6666666666667,35.5889724310777,33.3333333333333,36.1904761904762,22.8571428571429,10.7,"W. North Cent",59.3,3,0,0,3,"Most conservative","Conservative","Yes",51,"Low","Bush win","Bush win",37.5642253904113,10863.3226067946,93.0998059397185,1,13,36,"Fewer restr",6,2,2.6,2.7,21.8045112781955,38.44,12.6984126984127,53.16,48.1481481481481,NA,44.75,"McCain win",14.2,NA,11.2113402061856,10.0737100737101,30856,"Midwest",NA,-80,42.6065162907268,"No",80,"Middle","No","Nonsouth","SouthDakota                               ",10.61,-4.40000009536743,57.61,68.22,3.7,6,6.5,5.5,51.9,57.7,68.2,63.8,59.4,17.1,20,20,21
"42","Mid",23,7.9,23,0.62,"LoTax",26.3,44.9000015258789,-4.8,17.7,"Mid",22,8,131.555555555556,67.9074074074074,295.666666666667,32.0925925925926,83.1,39.04,"No",5689283,6346105,63.46105,656822,11.5,"Not legal",42,51,7.9,75.9,50.3,19.3,"High",59.42,25,"TN    ",-5.09999990463257,17.6,14.4,15.5,"6-8 restr",7,1.83,52,"No",14,16.8,16.8,17.4,51.149153180768,56.8,21.6,21,0.62,"$.07-$.64",9.4,21.5,39.1346621293145,72.4444444444444,51.22,-8.7,"More Rep",598,22.2222222222222,55.5555555555556,45.4545454545455,34.5301418439716,52.2727272727273,46.969696969697,26.5151515151515,153.9,"E. South Cent",16.5,11,0,0,11,"Most conservative","Conservative","Yes",45,"Low","Bush win","Bush win",47.2848947177534,8258.9556901438,52.8355581888418,2.5,16,33,"Mid",7,2.8,3.7,4.6,33.4663120567376,42.53,17.1122994652406,56.85,43.7530384054448,0.952758935757528,41.79,"McCain win",12.5,27.5,9.65956733187993,9.54932240781595,30005,"South",47.5155279503106,-21,32.0035460992908,"No",21,"Religious","No","South","Tennessee                                 ",5.42,1,49.04,54.46,5.1,6.7,5.3,5.1,63.6,49.9,56.3,57.3,52.2,15.9,18.2,18.2,17.4
"43","More restr",14,8.5,25.5,1.41,"MidTax",23.2,40.5,-4.5,14.5,"Less restr",39,4,139.40625,65.5625,289.375,34.4375,79.9,41.37,"No",20851820,25145561,251.45561,4293741,20.6,"Not legal",52,43,28.4,54.1,47,21.5,"High",57.15,21,"TX    ",-5,28.8,17.3,16.5,"6-8 restr",7,2.29,47,"No",8,11.7,11.9,12.6,59.2985994681035,61.09,18.5,16.2,1.41,"$1.41-$2.58",5.61,24.5,39.6908082675181,67.40625,63.09,-10,"More Rep",1372,28.125,34.375,32.35,35.8165728077233,44.1988950276243,47.5138121546961,37.0165745856354,96.3,"W. South Cent",14,34,0,0,38,"Most conservative","Conservative","Yes",51,"Low","Bush win","Bush win",37.981958091571,5711.2744472076,38.8100309235495,3.2,22,27,"Mid",9,34.6,36.5,37.6,31.4722445695897,38.22,17.8457402117291,55.39,42.4634515207528,2.15358641570988,43.63,"McCain win",9.9,32.3,10.498687664042,10.2322436968106,30222,"South",44.4363103953148,-48,32.711182622687,"Yes",48,"Religious","No","South","Texas                                     ",3.97,1,47.81,51.78,6,5,4.7,5.1,82.5,49.2,53.7,54.7,49.7,19.9,23.8,21,19.9
"44","Mid",24,9.1,28.5,1.7,"MidTax",31.8,46.9000015258789,-36.7,13.5,"Less restr",50,0,194,57.6111111111111,235.333333333333,42.3888888888889,90.4,24.67,"No",2233169,2763885,27.63885,530716,23.8,"Not legal",33,61,8.3,12.3,56,26.6,"High",72.56,11,"UT    ",2.09999990463257,15.7,6.4,6.7,"9-10 restr",9,1.33,57,"No",2,0.9,1.3,1.6,66.8301429509286,71.54,14.2,12.4,0.695,"$.695-$1.36",3.58,26.2,39.1017173051519,80.3333333333333,74.67,-20.2,"More Rep",1319,33.3333333333333,33.3333333333333,20,22.9381443298969,26.9230769230769,28.8461538461538,18.2692307692308,33.6,"Mountain",33.8,5,0,0,6,"Most conservative","Conservative","Yes",38,"Low","Bush win","Bush win",26.3447221811369,8357.76452348777,41.7528225667855,0.8,6,43,"Fewer restr",4,10.6,12,13,32.0876288659794,26,15.0594451783355,62.25,45.8388375165125,4.65128951649943,34.22,"McCain win",8.7,36.4,12.6720647773279,11.5050651230101,26606,"West",33.3333333333333,-34,44.9742268041237,"Yes",34,"Religious","No","Nonsouth","Utah                                      ",0.03,-5.59999990463257,53.34,53.37,5.3,5.8,5.8,6.9,88.2,53.8,58.9,53.3,55.4,17.3,22.1,17.3,15.4
"45","More restr",10,14.1,34,0.3,"LoTax",18.4,37,-1.4,22.8,"Mid",19,12,183,57.6515151515151,246.272727272727,42.3484848484849,86.6,51.16,"Yes",7078515,8001024,80.01024,922509,13,"Not legal",54,39,14.4,62.6,41.1,26.9,"Mid",47.28,19,"VA    ",-1.29999995231628,14.7,16.5,17.6,"9-10 restr",9,2.13,41,"No",11,19.9,19.9,20.7,52.4737291869491,53.68,13.2,13.9,0.3,"$.07-$.64",10.1,32.2,33.9382239382239,64.3636363636364,48.73,-1.7,"Even",4425,27.2727272727273,54.5454545454545,23.0769230769231,33.4070796460177,40.7142857142857,47.1428571428571,36.4285714285714,202.6,"South Atlantic",21.9,0,13,13,0,"Most conservative","Conservative","Yes",55,"Med","Bush win","Bush win",44.4356105447559,5608.70708549306,52.655760062712,3.1,35,14,"More restr",18,5.7,6.8,7.9,34.1445427728614,45.48,19.2664092664093,46.33,46.7953667953668,2.16824782519976,52.63,"Obama win",11.4,42.9,9.88502709131756,10.023747031621,35477,"South",36.9640787949015,-75,32.4483775811209,"Yes",75,"Middle","No","South","Virginia                                  ",4.42,7.09999990463257,53.93,58.35,3.9,5.3,3.7,4.7,73,54,60.6,67.7,66.4,17.1,19.3,19.3,17.1
"46","Less restr",47,13.3,33.1,2.62,"HiTax",1.8,26.7999992370605,16.9,12.9,"Mid",27,6,319,25,111,75,91,66.57,"Yes",608827,625741,6.25741,16914,2.8,"Medicinal",70,25,25.2,40.6,19.1,57.1,"Low",30.97,18,"VT    ",-6.30000019073486,9.2,11.7,12.5,"0-5 restr",0,2.69,23,"No",1,0.6,0.9,1.5,40.6971607975318,38.8,12.7,10.9,1.79,"$1.41-$2.58",7.61,32,22.3776223776224,8,0,13.4,"More Dem",986,100,100,100,32.6666666666667,64.4444444444444,65.5555555555556,65.5555555555556,67.9,"New England",54.3,0,3,3,0,"Most liberal","Liberal","No",65,"High","Gore win","Kerry win",50.6347092161953,5514.58191168551,87.4163591645745,0.3,22,27,"Mid",9,1,1.4,1.5,44.6666666666667,58.94,30.0699300699301,30.45,47.5524475524476,6.92267964173587,67.46,"Obama win",13,NA,9.95184590690209,10.3833865814696,32770,"Northeast",NA,-180,22.6666666666667,"No",180,"Secular","Yes","Nonsouth","Vermont                                   ",1.23,0.400000005960464,64.83,66.06,3.7,9.8,10.4,12.3,38.2,64.1,66.3,66.7,60.4,37.8,37.2,38.3,41.1
"47","Less restr",50,11.1,31,3.025,"HiTax",4.6,34.2999992370605,9.8,19,"More restr",15,15,241.888888888889,43.9814814814815,187.222222222222,56.0185185185185,89.7,55.81,"Yes",5894121,6724540,67.2454,830419,14.1,"Medicinal / Decrim.",63,32,17.1,45.7,30.5,44.4,"Low",41.03,19,"WA    ",-2.90000009536743,16.9,17.5,18.3,"0-5 restr",2,2.34,33,"No",2,3.5,3.7,4.8,44.5786479475025,45.64,12.5,9.9,2.025,"$1.41-$2.58",4.15,30.2,31.2973695942934,36.1111111111111,29.33,5,"More Dem",1256,55.5555555555556,66.6666666666667,72.7272727272727,31.8122555410691,64.6258503401361,64.6258503401361,55.1020408163265,101.2,"Pacific",30.2,0,11,12,0,"Liberal","Liberal","No",62,"High","Gore win","Kerry win",50.1582153167543,7721.10806092313,40.7908942470414,1.4,35,14,"More restr",18,8.5,9.8,11.2,38.6353759235115,52.82,22.0240748996879,40.26,46.6785555060187,4.14089545326447,57.34,"Obama win",11.3,58.5,10.0986005089059,9.66542750929368,35299,"West",25.1908396946565,-138,29.5523685354194,"No",138,"Secular","No","Nonsouth","Washington                                ",1.03,0.100000001490116,60.37,61.4,6.2,19.3,20.2,20.2,82,60.7,66.9,67,64.1,32.7,32.7,32,32.7
"48","Mid",21,8.4,25.7,2.52,"HiTax",18.5,39.4000015258789,4.1,13.9,"Less restr",41,3,223,49.875,205.25,50.125,89.8,52.83,"Yes",5363675,5686986,56.86986,323311,6,"Not legal",57,39,30.7,47.6,36.7,34.4,"Mid",45.89,20,"WI    ",0,11.8,8.5,7.4,"9-10 restr",9,2.96,33,"Yes",6,5.9,6.1,7.1,47.6131635141443,49.32,16,14.2,0.77,"$.695-$1.36",7.62,23.8,32.7450069670228,49,36.5,2.4,"Even",330,37.5,62.5,60,35.4720439963336,49.2424242424242,53.030303030303,40.9090909090909,105,"E. North Cent",14.5,0,10,10,0,"Liberal","Liberal","No",57,"Med","Gore win","Kerry win",47.8328196606874,8253.49315085354,52.5761800714825,1.7,28,21,"Mid",12,4.3,5.1,5.9,35.6553620531622,49.7,17.835578262889,42.31,49.4194147700883,3.62001641648776,56.22,"Obama win",13,35.3,10.3865606936416,9.65359592052049,32157,"Midwest",33.5689045936396,-142,28.8725939505041,"No",142,"Secular","No","Nonsouth","Wisconsin                                 ",7.38,-2.29999995231628,66.31,73.69,5,16,14.3,15.2,68.3,67.6,74.8,72.5,72.5,22.7,22,25,25
"49","Mid",33,6.7,17.3,0.55,"LoTax",25.2,41.5999984741211,2.7,20.8,"Less restr",39,4,226,49.5555555555556,203,50.4444444444444,82.8,35.53,"No",1808344,1852994,18.52994,44650,2.5,"Pending legis",39,53,8.7,72.4,41.9,26.2,"Mid",62.27,25,"WV    ",-4.30000019073486,19,6.7,6.6,"0-5 restr",4,1.79,43,"Yes",0,3.2,3.6,4.2,51.915219927051,56.06,23,23.6,0.55,"$.07-$.64",12.42,17,35.2777777777778,58,30,-7.9,"More Rep",282,33.3333333333333,66.6666666666667,80,47.4619289340102,70.8955223880597,73.8805970149254,58.955223880597,77.1,"South Atlantic",105.8,5,0,0,5,"Most conservative","Conservative","Yes",52,"Med","Bush win","Bush win",45.5926643666953,12173.8116799083,76.7946361402142,1.5,6,43,"Fewer restr",4,0.8,1.1,1.2,23.6040609137056,43.2,17.7777777777778,55.6,46.9444444444444,1.64783282211429,42.51,"McCain win",15.3,38.1,9.52118877270226,9.12034538586077,25872,"South",32.1951219512195,-61,28.9340101522843,"No",61,"Religious","Yes","South","WestVirginia                              ",6.06,-3.5,46.26,52.32,5.3,14.2,13.3,13.9,46.1,46.6,54.1,50.6,46.3,14.2,16.4,17.9,14.9
"50","Mid",34,7.9,23.8,0.6,"LoTax",35.3,51.4000015258789,-30,17.6,"Less restr",39,4,126,73.5,303,26.5,91.8,27.82,"No",493782,563626,5.63626,69844,14.1,"Not legal",57,39,13.9,48.7,32.8,40.5,"Low",68.64,21,"WY    ",-6.5,21.3,0.7,0.9,"0-5 restr",5,2.77,31,"No",0,0.9,1.3,1.3,67.7565021456279,68.86,31.5,25.3,0.6,"$.07-$.64",8.05,23.7,34.1968911917098,91,100,-19.7,"More Rep",747,0,0,0,25.2427184466019,26.6666666666667,27.7777777777778,13.3333333333333,5.8,"Mountain",23.8,3,0,0,3,"Most conservative","Conservative","Yes",51,"Low","Bush win","Bush win",27.6989800825277,11240.7873306058,144.42201034019,0.9,22,27,"Mid",9,6.7,7.7,8.9,32.5242718446602,29.07,18.1347150259067,64.78,47.6683937823834,2.11814921846019,32.54,"McCain win",12.1,39.3,11.1984282907662,9.9290780141844,34306,"West",24.896265560166,-126,42.2330097087379,"Yes",126,"Middle","Yes","Nonsouth","Wyoming                                   ",3.47,-0.300000011920929,60.32,63.79,3.8,8,7.9,7.7,65.1,59.2,65.7,65.4,58.9,23.3,16.7,14.4,13.3
